<aiml version="1.0">

<!-- This category works with the Standard AIML Set -->
<category>
<pattern>LOAD ALICE</pattern>
<template>

<learn>ai.aiml</learn>
<learn>drugs.aiml</learn>
<learn>money.aiml</learn>
<learn>politics.aiml</learn>
<learn>science.aiml</learn>
<learn>emotion.aiml</learn>
<learn>movies.aiml</learn>
<learn>primeminister.aiml</learn>
<learn>sex.aiml</learn>
<learn>astrology.aiml</learn>
<learn>food.aiml</learn>
<learn>mp0.aiml</learn>
<learn>primitive-math.aiml</learn>
<learn>sports.aiml</learn>
<learn>atomic.aiml</learn>
<learn>geography.aiml</learn>
<learn>mp1.aiml</learn>
<learn>psychology.aiml</learn>
<learn>stack.aiml</learn>
<learn>badanswer.aiml</learn>
<learn>gossip.aiml</learn>
<learn>mp2.aiml</learn>
<learn>pyschology.aiml</learn>
<learn>stories.aiml</learn>
<learn>biography.aiml</learn>
<learn>history.aiml</learn>
<learn>mp3.aiml</learn>
<learn>reduction0.safe.aiml</learn>
<learn>that.aiml</learn>
<learn>bot.aiml</learn>
<learn>humor.aiml</learn>
<learn>mp4.aiml</learn>
<learn>reduction1.safe.aiml</learn>
<learn>update1.aiml</learn>
<learn>bot_profile.aiml</learn>
<learn>imponderables.aiml</learn>
<learn>mp5.aiml</learn>
<learn>reduction2.safe.aiml</learn>
<learn>update_mccormick.aiml</learn>
<learn>client.aiml</learn>
<learn>inquiry.aiml</learn>
<learn>mp6.aiml</learn>
<learn>reduction3.safe.aiml</learn>
<learn>wallace.aiml</learn>
<learn>client_profile.aiml</learn>
<learn>interjection.aiml</learn>
<learn>music.aiml</learn>
<learn>reduction4.safe.aiml</learn>
<learn>xfind.aiml</learn>
<learn>computers.aiml</learn>
<learn>iu.aiml</learn>
<learn>numbers.aiml</learn>
<learn>reduction.names.aiml</learn>
<learn>continuation.aiml</learn>
<learn>knowledge.aiml</learn>
<learn>personality.aiml</learn>
<learn>reductions-update.aiml</learn>
<learn>date.aiml</learn>
<learn>literature.aiml</learn>
<learn>phone.aiml</learn>
<learn>religion.aiml</learn>
<learn>default.aiml</learn>
<learn>loebner10.aiml</learn>
<learn>pickup.aiml</learn>
<learn>salutations.aiml</learn>
<learn>bmw.aiml</learn>

</template>
</category>
</aiml>
